序号,采集类型,数据划分,布局组,布局编号,缺席类别,目标类别,目标位置,左1,左2,左3,左4,右1,右2,右3,右4,最少图片数,最多图片数,采集轮次要求,卡片方向,状态,有效图片数,备注
1,单类别,训练集,单类别,单类别_油菜_左1,,油菜,左1,油菜,空白卡,空白卡,空白卡,空白卡,空白卡,空白卡,空白卡,6,10,至少两轮独立采集,正式比赛固定方向,待采集,0,
2,单类别,训练集,单类别,单类别_油菜_左2,,油菜,左2,空白卡,油菜,空白卡,空白卡,空白卡,空白卡,空白卡,空白卡,6,10,至少两轮独立采集,正式比赛固定方向,待采集,0,
3,单类别,训练集,单类别,单类别_油菜_左3,,油菜,左3,空白卡,空白卡,油菜,空白卡,空白卡,空白卡,空白卡,空白卡,6,10,至少两轮独立采集,正式比赛固定方向,待采集,0,
4,单类别,训练集,单类别,单类别_油菜_左4,,油菜,左4,空白卡,空白卡,空白卡,油菜,空白卡,空白卡,空白卡,空白卡,6,10,至少两轮独立采集,正式比赛固定方向,待采集,0,
5,单类别,训练集,单类别,单类别_油菜_右1,,油菜,右1,空白卡,空白卡,空白卡,空白卡,油菜,空白卡,空白卡,空白卡,6,10,至少两轮独立采集,正式比赛固定方向,待采集,0,
6,单类别,训练集,单类别,单类别_油菜_右2,,油菜,右2,空白卡,空白卡,空白卡,空白卡,空白卡,油菜,空白卡,空白卡,6,10,至少两轮独立采集,正式比赛固定方向,待采集,0,
7,单类别,训练集,单类别,单类别_油菜_右3,,油菜,右3,空白卡,空白卡,空白卡,空白卡,空白卡,空白卡,油菜,空白卡,6,10,至少两轮独立采集,正式比赛固定方向,待采集,0,
8,单类别,训练集,单类别,单类别_油菜_右4,,油菜,右4,空白卡,空白卡,空白卡,空白卡,空白卡,空白卡,空白卡,油菜,6,10,至少两轮独立采集,正式比赛固定方向,待采集,0,
9,单类别,训练集,单类别,单类别_西兰花_左1,,西兰花,左1,西兰花,空白卡,空白卡,空白卡,空白卡,空白卡,空白卡,空白卡,6,10,至少两轮独立采集,正式比赛固定方向,待采集,0,
10,单类别,训练集,单类别,单类别_西兰花_左2,,西兰花,左2,空白卡,西兰花,空白卡,空白卡,空白卡,空白卡,空白卡,空白卡,6,10,至少两轮独立采集,正式比赛固定方向,待采集,0,
11,单类别,训练集,单类别,单类别_西兰花_左3,,西兰花,左3,空白卡,空白卡,西兰花,空白卡,空白卡,空白卡,空白卡,空白卡,6,10,至少两轮独立采集,正式比赛固定方向,待采集,0,
12,单类别,训练集,单类别,单类别_西兰花_左4,,西兰花,左4,空白卡,空白卡,空白卡,西兰花,空白卡,空白卡,空白卡,空白卡,6,10,至少两轮独立采集,正式比赛固定方向,待采集,0,
13,单类别,训练集,单类别,单类别_西兰花_右1,,西兰花,右1,空白卡,空白卡,空白卡,空白卡,西兰花,空白卡,空白卡,空白卡,6,10,至少两轮独立采集,正式比赛固定方向,待采集,0,
14,单类别,训练集,单类别,单类别_西兰花_右2,,西兰花,右2,空白卡,空白卡,空白卡,空白卡,空白卡,西兰花,空白卡,空白卡,6,10,至少两轮独立采集,正式比赛固定方向,待采集,0,
15,单类别,训练集,单类别,单类别_西兰花_右3,,西兰花,右3,空白卡,空白卡,空白卡,空白卡,空白卡,空白卡,西兰花,空白卡,6,10,至少两轮独立采集,正式比赛固定方向,待采集,0,
16,单类别,训练集,单类别,单类别_西兰花_右4,,西兰花,右4,空白卡,空白卡,空白卡,空白卡,空白卡,空白卡,空白卡,西兰花,6,10,至少两轮独立采集,正式比赛固定方向,待采集,0,
17,单类别,训练集,单类别,单类别_土豆_左1,,土豆,左1,土豆,空白卡,空白卡,空白卡,空白卡,空白卡,空白卡,空白卡,6,10,至少两轮独立采集,正式比赛固定方向,待采集,0,
18,单类别,训练集,单类别,单类别_土豆_左2,,土豆,左2,空白卡,土豆,空白卡,空白卡,空白卡,空白卡,空白卡,空白卡,6,10,至少两轮独立采集,正式比赛固定方向,待采集,0,
19,单类别,训练集,单类别,单类别_土豆_左3,,土豆,左3,空白卡,空白卡,土豆,空白卡,空白卡,空白卡,空白卡,空白卡,6,10,至少两轮独立采集,正式比赛固定方向,待采集,0,
20,单类别,训练集,单类别,单类别_土豆_左4,,土豆,左4,空白卡,空白卡,空白卡,土豆,空白卡,空白卡,空白卡,空白卡,6,10,至少两轮独立采集,正式比赛固定方向,待采集,0,
21,单类别,训练集,单类别,单类别_土豆_右1,,土豆,右1,空白卡,空白卡,空白卡,空白卡,土豆,空白卡,空白卡,空白卡,6,10,至少两轮独立采集,正式比赛固定方向,待采集,0,
22,单类别,训练集,单类别,单类别_土豆_右2,,土豆,右2,空白卡,空白卡,空白卡,空白卡,空白卡,土豆,空白卡,空白卡,6,10,至少两轮独立采集,正式比赛固定方向,待采集,0,
23,单类别,训练集,单类别,单类别_土豆_右3,,土豆,右3,空白卡,空白卡,空白卡,空白卡,空白卡,空白卡,土豆,空白卡,6,10,至少两轮独立采集,正式比赛固定方向,待采集,0,
24,单类别,训练集,单类别,单类别_土豆_右4,,土豆,右4,空白卡,空白卡,空白卡,空白卡,空白卡,空白卡,空白卡,土豆,6,10,至少两轮独立采集,正式比赛固定方向,待采集,0,
25,单类别,训练集,单类别,单类别_芹菜_左1,,芹菜,左1,芹菜,空白卡,空白卡,空白卡,空白卡,空白卡,空白卡,空白卡,6,10,至少两轮独立采集,正式比赛固定方向,待采集,0,
26,单类别,训练集,单类别,单类别_芹菜_左2,,芹菜,左2,空白卡,芹菜,空白卡,空白卡,空白卡,空白卡,空白卡,空白卡,6,10,至少两轮独立采集,正式比赛固定方向,待采集,0,
27,单类别,训练集,单类别,单类别_芹菜_左3,,芹菜,左3,空白卡,空白卡,芹菜,空白卡,空白卡,空白卡,空白卡,空白卡,6,10,至少两轮独立采集,正式比赛固定方向,待采集,0,
28,单类别,训练集,单类别,单类别_芹菜_左4,,芹菜,左4,空白卡,空白卡,空白卡,芹菜,空白卡,空白卡,空白卡,空白卡,6,10,至少两轮独立采集,正式比赛固定方向,待采集,0,
29,单类别,训练集,单类别,单类别_芹菜_右1,,芹菜,右1,空白卡,空白卡,空白卡,空白卡,芹菜,空白卡,空白卡,空白卡,6,10,至少两轮独立采集,正式比赛固定方向,待采集,0,
30,单类别,训练集,单类别,单类别_芹菜_右2,,芹菜,右2,空白卡,空白卡,空白卡,空白卡,空白卡,芹菜,空白卡,空白卡,6,10,至少两轮独立采集,正式比赛固定方向,待采集,0,
31,单类别,训练集,单类别,单类别_芹菜_右3,,芹菜,右3,空白卡,空白卡,空白卡,空白卡,空白卡,空白卡,芹菜,空白卡,6,10,至少两轮独立采集,正式比赛固定方向,待采集,0,
32,单类别,训练集,单类别,单类别_芹菜_右4,,芹菜,右4,空白卡,空白卡,空白卡,空白卡,空白卡,空白卡,空白卡,芹菜,6,10,至少两轮独立采集,正式比赛固定方向,待采集,0,
33,单类别,训练集,单类别,单类别_蘑菇_左1,,蘑菇,左1,蘑菇,空白卡,空白卡,空白卡,空白卡,空白卡,空白卡,空白卡,6,10,至少两轮独立采集,正式比赛固定方向,待采集,0,
34,单类别,训练集,单类别,单类别_蘑菇_左2,,蘑菇,左2,空白卡,蘑菇,空白卡,空白卡,空白卡,空白卡,空白卡,空白卡,6,10,至少两轮独立采集,正式比赛固定方向,待采集,0,
35,单类别,训练集,单类别,单类别_蘑菇_左3,,蘑菇,左3,空白卡,空白卡,蘑菇,空白卡,空白卡,空白卡,空白卡,空白卡,6,10,至少两轮独立采集,正式比赛固定方向,待采集,0,
36,单类别,训练集,单类别,单类别_蘑菇_左4,,蘑菇,左4,空白卡,空白卡,空白卡,蘑菇,空白卡,空白卡,空白卡,空白卡,6,10,至少两轮独立采集,正式比赛固定方向,待采集,0,
37,单类别,训练集,单类别,单类别_蘑菇_右1,,蘑菇,右1,空白卡,空白卡,空白卡,空白卡,蘑菇,空白卡,空白卡,空白卡,6,10,至少两轮独立采集,正式比赛固定方向,待采集,0,
38,单类别,训练集,单类别,单类别_蘑菇_右2,,蘑菇,右2,空白卡,空白卡,空白卡,空白卡,空白卡,蘑菇,空白卡,空白卡,6,10,至少两轮独立采集,正式比赛固定方向,待采集,0,
39,单类别,训练集,单类别,单类别_蘑菇_右3,,蘑菇,右3,空白卡,空白卡,空白卡,空白卡,空白卡,空白卡,蘑菇,空白卡,6,10,至少两轮独立采集,正式比赛固定方向,待采集,0,
40,单类别,训练集,单类别,单类别_蘑菇_右4,,蘑菇,右4,空白卡,空白卡,空白卡,空白卡,空白卡,空白卡,空白卡,蘑菇,6,10,至少两轮独立采集,正式比赛固定方向,待采集,0,
41,单类别,训练集,单类别,单类别_金针菇_左1,,金针菇,左1,金针菇,空白卡,空白卡,空白卡,空白卡,空白卡,空白卡,空白卡,6,10,至少两轮独立采集,正式比赛固定方向,待采集,0,
42,单类别,训练集,单类别,单类别_金针菇_左2,,金针菇,左2,空白卡,金针菇,空白卡,空白卡,空白卡,空白卡,空白卡,空白卡,6,10,至少两轮独立采集,正式比赛固定方向,待采集,0,
43,单类别,训练集,单类别,单类别_金针菇_左3,,金针菇,左3,空白卡,空白卡,金针菇,空白卡,空白卡,空白卡,空白卡,空白卡,6,10,至少两轮独立采集,正式比赛固定方向,待采集,0,
44,单类别,训练集,单类别,单类别_金针菇_左4,,金针菇,左4,空白卡,空白卡,空白卡,金针菇,空白卡,空白卡,空白卡,空白卡,6,10,至少两轮独立采集,正式比赛固定方向,待采集,0,
45,单类别,训练集,单类别,单类别_金针菇_右1,,金针菇,右1,空白卡,空白卡,空白卡,空白卡,金针菇,空白卡,空白卡,空白卡,6,10,至少两轮独立采集,正式比赛固定方向,待采集,0,
46,单类别,训练集,单类别,单类别_金针菇_右2,,金针菇,右2,空白卡,空白卡,空白卡,空白卡,空白卡,金针菇,空白卡,空白卡,6,10,至少两轮独立采集,正式比赛固定方向,待采集,0,
47,单类别,训练集,单类别,单类别_金针菇_右3,,金针菇,右3,空白卡,空白卡,空白卡,空白卡,空白卡,空白卡,金针菇,空白卡,6,10,至少两轮独立采集,正式比赛固定方向,待采集,0,
48,单类别,训练集,单类别,单类别_金针菇_右4,,金针菇,右4,空白卡,空白卡,空白卡,空白卡,空白卡,空白卡,空白卡,金针菇,6,10,至少两轮独立采集,正式比赛固定方向,待采集,0,
49,单类别,训练集,单类别,单类别_番茄_左1,,番茄,左1,番茄,空白卡,空白卡,空白卡,空白卡,空白卡,空白卡,空白卡,6,10,至少两轮独立采集,正式比赛固定方向,待采集,0,
50,单类别,训练集,单类别,单类别_番茄_左2,,番茄,左2,空白卡,番茄,空白卡,空白卡,空白卡,空白卡,空白卡,空白卡,6,10,至少两轮独立采集,正式比赛固定方向,待采集,0,
51,单类别,训练集,单类别,单类别_番茄_左3,,番茄,左3,空白卡,空白卡,番茄,空白卡,空白卡,空白卡,空白卡,空白卡,6,10,至少两轮独立采集,正式比赛固定方向,待采集,0,
52,单类别,训练集,单类别,单类别_番茄_左4,,番茄,左4,空白卡,空白卡,空白卡,番茄,空白卡,空白卡,空白卡,空白卡,6,10,至少两轮独立采集,正式比赛固定方向,待采集,0,
53,单类别,训练集,单类别,单类别_番茄_右1,,番茄,右1,空白卡,空白卡,空白卡,空白卡,番茄,空白卡,空白卡,空白卡,6,10,至少两轮独立采集,正式比赛固定方向,待采集,0,
54,单类别,训练集,单类别,单类别_番茄_右2,,番茄,右2,空白卡,空白卡,空白卡,空白卡,空白卡,番茄,空白卡,空白卡,6,10,至少两轮独立采集,正式比赛固定方向,待采集,0,
55,单类别,训练集,单类别,单类别_番茄_右3,,番茄,右3,空白卡,空白卡,空白卡,空白卡,空白卡,空白卡,番茄,空白卡,6,10,至少两轮独立采集,正式比赛固定方向,待采集,0,
56,单类别,训练集,单类别,单类别_番茄_右4,,番茄,右4,空白卡,空白卡,空白卡,空白卡,空白卡,空白卡,空白卡,番茄,6,10,至少两轮独立采集,正式比赛固定方向,待采集,0,
57,单类别,训练集,单类别,单类别_四季豆_左1,,四季豆,左1,四季豆,空白卡,空白卡,空白卡,空白卡,空白卡,空白卡,空白卡,6,10,至少两轮独立采集,正式比赛固定方向,待采集,0,
58,单类别,训练集,单类别,单类别_四季豆_左2,,四季豆,左2,空白卡,四季豆,空白卡,空白卡,空白卡,空白卡,空白卡,空白卡,6,10,至少两轮独立采集,正式比赛固定方向,待采集,0,
59,单类别,训练集,单类别,单类别_四季豆_左3,,四季豆,左3,空白卡,空白卡,四季豆,空白卡,空白卡,空白卡,空白卡,空白卡,6,10,至少两轮独立采集,正式比赛固定方向,待采集,0,
60,单类别,训练集,单类别,单类别_四季豆_左4,,四季豆,左4,空白卡,空白卡,空白卡,四季豆,空白卡,空白卡,空白卡,空白卡,6,10,至少两轮独立采集,正式比赛固定方向,待采集,0,
61,单类别,训练集,单类别,单类别_四季豆_右1,,四季豆,右1,空白卡,空白卡,空白卡,空白卡,四季豆,空白卡,空白卡,空白卡,6,10,至少两轮独立采集,正式比赛固定方向,待采集,0,
62,单类别,训练集,单类别,单类别_四季豆_右2,,四季豆,右2,空白卡,空白卡,空白卡,空白卡,空白卡,四季豆,空白卡,空白卡,6,10,至少两轮独立采集,正式比赛固定方向,待采集,0,
63,单类别,训练集,单类别,单类别_四季豆_右3,,四季豆,右3,空白卡,空白卡,空白卡,空白卡,空白卡,空白卡,四季豆,空白卡,6,10,至少两轮独立采集,正式比赛固定方向,待采集,0,
64,单类别,训练集,单类别,单类别_四季豆_右4,,四季豆,右4,空白卡,空白卡,空白卡,空白卡,空白卡,空白卡,空白卡,四季豆,6,10,至少两轮独立采集,正式比赛固定方向,待采集,0,
65,单类别,训练集,单类别,单类别_青椒_左1,,青椒,左1,青椒,空白卡,空白卡,空白卡,空白卡,空白卡,空白卡,空白卡,6,10,至少两轮独立采集,正式比赛固定方向,待采集,0,
66,单类别,训练集,单类别,单类别_青椒_左2,,青椒,左2,空白卡,青椒,空白卡,空白卡,空白卡,空白卡,空白卡,空白卡,6,10,至少两轮独立采集,正式比赛固定方向,待采集,0,
67,单类别,训练集,单类别,单类别_青椒_左3,,青椒,左3,空白卡,空白卡,青椒,空白卡,空白卡,空白卡,空白卡,空白卡,6,10,至少两轮独立采集,正式比赛固定方向,待采集,0,
68,单类别,训练集,单类别,单类别_青椒_左4,,青椒,左4,空白卡,空白卡,空白卡,青椒,空白卡,空白卡,空白卡,空白卡,6,10,至少两轮独立采集,正式比赛固定方向,待采集,0,
69,单类别,训练集,单类别,单类别_青椒_右1,,青椒,右1,空白卡,空白卡,空白卡,空白卡,青椒,空白卡,空白卡,空白卡,6,10,至少两轮独立采集,正式比赛固定方向,待采集,0,
70,单类别,训练集,单类别,单类别_青椒_右2,,青椒,右2,空白卡,空白卡,空白卡,空白卡,空白卡,青椒,空白卡,空白卡,6,10,至少两轮独立采集,正式比赛固定方向,待采集,0,
71,单类别,训练集,单类别,单类别_青椒_右3,,青椒,右3,空白卡,空白卡,空白卡,空白卡,空白卡,空白卡,青椒,空白卡,6,10,至少两轮独立采集,正式比赛固定方向,待采集,0,
72,单类别,训练集,单类别,单类别_青椒_右4,,青椒,右4,空白卡,空白卡,空白卡,空白卡,空白卡,空白卡,空白卡,青椒,6,10,至少两轮独立采集,正式比赛固定方向,待采集,0,
73,混合,训练集,训练矩阵甲,训练矩阵甲_缺少_油菜,油菜,,,西兰花,土豆,芹菜,蘑菇,金针菇,番茄,四季豆,青椒,10,20,独立车辆位置偏移,正式比赛固定方向,待采集,0,
74,混合,训练集,训练矩阵甲,训练矩阵甲_缺少_西兰花,西兰花,,,土豆,芹菜,蘑菇,金针菇,番茄,四季豆,青椒,油菜,10,20,独立车辆位置偏移,正式比赛固定方向,待采集,0,
75,混合,训练集,训练矩阵甲,训练矩阵甲_缺少_土豆,土豆,,,芹菜,蘑菇,金针菇,番茄,四季豆,青椒,油菜,西兰花,10,20,独立车辆位置偏移,正式比赛固定方向,待采集,0,
76,混合,训练集,训练矩阵甲,训练矩阵甲_缺少_芹菜,芹菜,,,蘑菇,金针菇,番茄,四季豆,青椒,油菜,西兰花,土豆,10,20,独立车辆位置偏移,正式比赛固定方向,待采集,0,
77,混合,训练集,训练矩阵甲,训练矩阵甲_缺少_蘑菇,蘑菇,,,金针菇,番茄,四季豆,青椒,油菜,西兰花,土豆,芹菜,10,20,独立车辆位置偏移,正式比赛固定方向,待采集,0,
78,混合,训练集,训练矩阵甲,训练矩阵甲_缺少_金针菇,金针菇,,,番茄,四季豆,青椒,油菜,西兰花,土豆,芹菜,蘑菇,10,20,独立车辆位置偏移,正式比赛固定方向,待采集,0,
79,混合,训练集,训练矩阵甲,训练矩阵甲_缺少_番茄,番茄,,,四季豆,青椒,油菜,西兰花,土豆,芹菜,蘑菇,金针菇,10,20,独立车辆位置偏移,正式比赛固定方向,待采集,0,
80,混合,训练集,训练矩阵甲,训练矩阵甲_缺少_四季豆,四季豆,,,青椒,油菜,西兰花,土豆,芹菜,蘑菇,金针菇,番茄,10,20,独立车辆位置偏移,正式比赛固定方向,待采集,0,
81,混合,训练集,训练矩阵甲,训练矩阵甲_缺少_青椒,青椒,,,油菜,西兰花,土豆,芹菜,蘑菇,金针菇,番茄,四季豆,10,20,独立车辆位置偏移,正式比赛固定方向,待采集,0,
82,混合,训练集,训练矩阵乙,训练矩阵乙_缺少_油菜,油菜,,,西兰花,芹菜,金针菇,四季豆,土豆,蘑菇,番茄,青椒,10,20,独立车辆位置偏移,正式比赛固定方向,待采集,0,
83,混合,训练集,训练矩阵乙,训练矩阵乙_缺少_西兰花,西兰花,,,土豆,蘑菇,番茄,青椒,芹菜,金针菇,四季豆,油菜,10,20,独立车辆位置偏移,正式比赛固定方向,待采集,0,
84,混合,训练集,训练矩阵乙,训练矩阵乙_缺少_土豆,土豆,,,芹菜,金针菇,四季豆,油菜,蘑菇,番茄,青椒,西兰花,10,20,独立车辆位置偏移,正式比赛固定方向,待采集,0,
85,混合,训练集,训练矩阵乙,训练矩阵乙_缺少_芹菜,芹菜,,,蘑菇,番茄,青椒,西兰花,金针菇,四季豆,油菜,土豆,10,20,独立车辆位置偏移,正式比赛固定方向,待采集,0,
86,混合,训练集,训练矩阵乙,训练矩阵乙_缺少_蘑菇,蘑菇,,,金针菇,四季豆,油菜,土豆,番茄,青椒,西兰花,芹菜,10,20,独立车辆位置偏移,正式比赛固定方向,待采集,0,
87,混合,训练集,训练矩阵乙,训练矩阵乙_缺少_金针菇,金针菇,,,番茄,青椒,西兰花,芹菜,四季豆,油菜,土豆,蘑菇,10,20,独立车辆位置偏移,正式比赛固定方向,待采集,0,
88,混合,训练集,训练矩阵乙,训练矩阵乙_缺少_番茄,番茄,,,四季豆,油菜,土豆,蘑菇,青椒,西兰花,芹菜,金针菇,10,20,独立车辆位置偏移,正式比赛固定方向,待采集,0,
89,混合,训练集,训练矩阵乙,训练矩阵乙_缺少_四季豆,四季豆,,,青椒,西兰花,芹菜,金针菇,油菜,土豆,蘑菇,番茄,10,20,独立车辆位置偏移,正式比赛固定方向,待采集,0,
90,混合,训练集,训练矩阵乙,训练矩阵乙_缺少_青椒,青椒,,,油菜,土豆,蘑菇,番茄,西兰花,芹菜,金针菇,四季豆,10,20,独立车辆位置偏移,正式比赛固定方向,待采集,0,
91,混合,验证集,验证矩阵,验证矩阵_缺少_油菜,油菜,,,土豆,金针菇,青椒,芹菜,番茄,西兰花,蘑菇,四季豆,10,10,独立验证采集轮次,正式比赛固定方向,待采集,0,
92,混合,验证集,验证矩阵,验证矩阵_缺少_西兰花,西兰花,,,芹菜,番茄,油菜,蘑菇,四季豆,土豆,金针菇,青椒,10,10,独立验证采集轮次,正式比赛固定方向,待采集,0,
93,混合,验证集,验证矩阵,验证矩阵_缺少_土豆,土豆,,,蘑菇,四季豆,西兰花,金针菇,青椒,芹菜,番茄,油菜,10,10,独立验证采集轮次,正式比赛固定方向,待采集,0,
94,混合,验证集,验证矩阵,验证矩阵_缺少_芹菜,芹菜,,,金针菇,青椒,土豆,番茄,油菜,蘑菇,四季豆,西兰花,10,10,独立验证采集轮次,正式比赛固定方向,待采集,0,
95,混合,验证集,验证矩阵,验证矩阵_缺少_蘑菇,蘑菇,,,番茄,油菜,芹菜,四季豆,西兰花,金针菇,青椒,土豆,10,10,独立验证采集轮次,正式比赛固定方向,待采集,0,
96,混合,验证集,验证矩阵,验证矩阵_缺少_金针菇,金针菇,,,四季豆,西兰花,蘑菇,青椒,土豆,番茄,油菜,芹菜,10,10,独立验证采集轮次,正式比赛固定方向,待采集,0,
97,混合,验证集,验证矩阵,验证矩阵_缺少_番茄,番茄,,,青椒,土豆,金针菇,油菜,芹菜,四季豆,西兰花,蘑菇,10,10,独立验证采集轮次,正式比赛固定方向,待采集,0,
98,混合,验证集,验证矩阵,验证矩阵_缺少_四季豆,四季豆,,,油菜,芹菜,番茄,西兰花,蘑菇,青椒,土豆,金针菇,10,10,独立验证采集轮次,正式比赛固定方向,待采集,0,
99,混合,验证集,验证矩阵,验证矩阵_缺少_青椒,青椒,,,西兰花,蘑菇,四季豆,土豆,金针菇,油菜,芹菜,番茄,10,10,独立验证采集轮次,正式比赛固定方向,待采集,0,
100,混合,测试集,测试矩阵,测试矩阵_缺少_油菜,油菜,,,蘑菇,西兰花,四季豆,芹菜,青椒,金针菇,土豆,番茄,10,10,独立测试采集轮次,正式比赛固定方向,待采集,0,
101,混合,测试集,测试矩阵,测试矩阵_缺少_西兰花,西兰花,,,金针菇,土豆,青椒,蘑菇,油菜,番茄,芹菜,四季豆,10,10,独立测试采集轮次,正式比赛固定方向,待采集,0,
102,混合,测试集,测试矩阵,测试矩阵_缺少_土豆,土豆,,,番茄,芹菜,油菜,金针菇,西兰花,四季豆,蘑菇,青椒,10,10,独立测试采集轮次,正式比赛固定方向,待采集,0,
103,混合,测试集,测试矩阵,测试矩阵_缺少_芹菜,芹菜,,,四季豆,蘑菇,西兰花,番茄,土豆,青椒,金针菇,油菜,10,10,独立测试采集轮次,正式比赛固定方向,待采集,0,
104,混合,测试集,测试矩阵,测试矩阵_缺少_蘑菇,蘑菇,,,青椒,金针菇,土豆,四季豆,芹菜,油菜,番茄,西兰花,10,10,独立测试采集轮次,正式比赛固定方向,待采集,0,
105,混合,测试集,测试矩阵,测试矩阵_缺少_金针菇,金针菇,,,油菜,番茄,芹菜,青椒,蘑菇,西兰花,四季豆,土豆,10,10,独立测试采集轮次,正式比赛固定方向,待采集,0,
106,混合,测试集,测试矩阵,测试矩阵_缺少_番茄,番茄,,,西兰花,四季豆,蘑菇,油菜,金针菇,土豆,青椒,芹菜,10,10,独立测试采集轮次,正式比赛固定方向,待采集,0,
107,混合,测试集,测试矩阵,测试矩阵_缺少_四季豆,四季豆,,,土豆,青椒,金针菇,西兰花,番茄,芹菜,油菜,蘑菇,10,10,独立测试采集轮次,正式比赛固定方向,待采集,0,
108,混合,测试集,测试矩阵,测试矩阵_缺少_青椒,青椒,,,芹菜,油菜,番茄,土豆,四季豆,蘑菇,西兰花,金针菇,10,10,独立测试采集轮次,正式比赛固定方向,待采集,0,
